{"/*":["X-Frame-Options: DENY","X-XSS-Protection: 1; mode=block","X-Content-Type-Options: nosniff","Referrer-Policy: same-origin"],"/framework-379f3cf5e844224cdc7c.js":["Cache-Control: public, max-age=31536000, immutable"],"/styles.1c78a0e26085690b8341.css":["Cache-Control: public, max-age=31536000, immutable"],"/commons-765dfae4c3a24c7878a8.js":["Cache-Control: public, max-age=31536000, immutable"],"/ce26452cc9cb8914a442dfa5b72fb7f7292162b9-18f53435810b22ba22bb.js":["Cache-Control: public, max-age=31536000, immutable"],"/ef4798c7b00c36bda0dd876a2c7b0e4ce58cab43-d42c9ca37883414bb25d.js":["Cache-Control: public, max-age=31536000, immutable"],"/component---src-templates-article-js-c370fb70f589007bd42e.js":["Cache-Control: public, max-age=31536000, immutable"],"/component---src-pages-404-js-b3978f8274335899a97c.js":["Cache-Control: public, max-age=31536000, immutable"],"/acc1597ecda144f77cdc1f840f29d8c88fc4f643-b5b70923628298fd6250.js":["Cache-Control: public, max-age=31536000, immutable"],"/component---src-pages-about-js-959c16931bce0fab7754.js":["Cache-Control: public, max-age=31536000, immutable"],"/component---src-pages-blog-js-011801213b42991595b2.js":["Cache-Control: public, max-age=31536000, immutable"],"/8ef8c53cab204b7ad1af0ba2b5c0630be85de5bc-8fd7241a29de65e8f0ca.js":["Cache-Control: public, max-age=31536000, immutable"],"/component---src-pages-community-js-63b6025dfc585a657bcc.js":["Cache-Control: public, max-age=31536000, immutable"],"/ea88be26-84d7d823501f15db054a.js":["Cache-Control: public, max-age=31536000, immutable"],"/fa4a7f9ea3e93a27b4f874d900425b4406f560d5-392e90caa14237721e36.js":["Cache-Control: public, max-age=31536000, immutable"],"/component---src-pages-index-js-e9e0481b959f25d24f33.js":["Cache-Control: public, max-age=31536000, immutable"],"/component---src-pages-quick-js-7b37a080bc4837f479c1.js":["Cache-Control: public, max-age=31536000, immutable"],"/component---src-pages-tech-js-5ce6216f4db229685890.js":["Cache-Control: public, max-age=31536000, immutable"],"/component---src-pages-tool-js-750a49f23783e3d9f67d.js":["Cache-Control: public, max-age=31536000, immutable"],"/component---src-pages-using-typescript-tsx-fb535e5d5c2fc597dca8.js":["Cache-Control: public, max-age=31536000, immutable"],"/webpack-runtime-e87c0a42c2490a8ec1ec.js":["Cache-Control: public, max-age=31536000, immutable"],"/app-6d1209093da4a5106021.js":["Cache-Control: public, max-age=31536000, immutable"],"/static/*":["Cache-Control: public, max-age=31536000, immutable"],"/sw.js":["Cache-Control: public, max-age=0, must-revalidate"],"/article/1":["Link: </webpack-runtime-e87c0a42c2490a8ec1ec.js>; rel=preload; as=script; nopush","Link: </framework-379f3cf5e844224cdc7c.js>; rel=preload; as=script; nopush","Link: </app-6d1209093da4a5106021.js>; rel=preload; as=script; nopush","Link: </framework-379f3cf5e844224cdc7c.js>; rel=preload; as=script; nopush","Link: </commons-765dfae4c3a24c7878a8.js>; rel=preload; as=script; nopush","Link: </ce26452cc9cb8914a442dfa5b72fb7f7292162b9-18f53435810b22ba22bb.js>; rel=preload; as=script; nopush","Link: </ef4798c7b00c36bda0dd876a2c7b0e4ce58cab43-d42c9ca37883414bb25d.js>; rel=preload; as=script; nopush","Link: </component---src-templates-article-js-c370fb70f589007bd42e.js>; rel=preload; as=script; nopush","Link: </page-data/app-data.json>; rel=preload; as=fetch; crossorigin; nopush","Link: </page-data/article/1/page-data.json>; rel=preload; as=fetch; crossorigin; nopush"],"/article/2":["Link: </webpack-runtime-e87c0a42c2490a8ec1ec.js>; rel=preload; as=script; nopush","Link: </framework-379f3cf5e844224cdc7c.js>; rel=preload; as=script; nopush","Link: </app-6d1209093da4a5106021.js>; rel=preload; as=script; nopush","Link: </framework-379f3cf5e844224cdc7c.js>; rel=preload; as=script; nopush","Link: </commons-765dfae4c3a24c7878a8.js>; rel=preload; as=script; nopush","Link: </ce26452cc9cb8914a442dfa5b72fb7f7292162b9-18f53435810b22ba22bb.js>; rel=preload; as=script; nopush","Link: </ef4798c7b00c36bda0dd876a2c7b0e4ce58cab43-d42c9ca37883414bb25d.js>; rel=preload; as=script; nopush","Link: </component---src-templates-article-js-c370fb70f589007bd42e.js>; rel=preload; as=script; nopush","Link: </page-data/app-data.json>; rel=preload; as=fetch; crossorigin; nopush","Link: </page-data/article/2/page-data.json>; rel=preload; as=fetch; crossorigin; nopush"],"/article/3":["Link: </webpack-runtime-e87c0a42c2490a8ec1ec.js>; rel=preload; as=script; nopush","Link: </framework-379f3cf5e844224cdc7c.js>; rel=preload; as=script; nopush","Link: </app-6d1209093da4a5106021.js>; rel=preload; as=script; nopush","Link: </framework-379f3cf5e844224cdc7c.js>; rel=preload; as=script; nopush","Link: </commons-765dfae4c3a24c7878a8.js>; rel=preload; as=script; nopush","Link: </ce26452cc9cb8914a442dfa5b72fb7f7292162b9-18f53435810b22ba22bb.js>; rel=preload; as=script; nopush","Link: </ef4798c7b00c36bda0dd876a2c7b0e4ce58cab43-d42c9ca37883414bb25d.js>; rel=preload; as=script; nopush","Link: </component---src-templates-article-js-c370fb70f589007bd42e.js>; rel=preload; as=script; nopush","Link: </page-data/app-data.json>; rel=preload; as=fetch; crossorigin; nopush","Link: </page-data/article/3/page-data.json>; rel=preload; as=fetch; crossorigin; nopush"],"/article/4":["Link: </webpack-runtime-e87c0a42c2490a8ec1ec.js>; rel=preload; as=script; nopush","Link: </framework-379f3cf5e844224cdc7c.js>; rel=preload; as=script; nopush","Link: </app-6d1209093da4a5106021.js>; rel=preload; as=script; nopush","Link: </framework-379f3cf5e844224cdc7c.js>; rel=preload; as=script; nopush","Link: </commons-765dfae4c3a24c7878a8.js>; rel=preload; as=script; nopush","Link: </ce26452cc9cb8914a442dfa5b72fb7f7292162b9-18f53435810b22ba22bb.js>; rel=preload; as=script; nopush","Link: </ef4798c7b00c36bda0dd876a2c7b0e4ce58cab43-d42c9ca37883414bb25d.js>; rel=preload; as=script; nopush","Link: </component---src-templates-article-js-c370fb70f589007bd42e.js>; rel=preload; as=script; nopush","Link: </page-data/app-data.json>; rel=preload; as=fetch; crossorigin; nopush","Link: </page-data/article/4/page-data.json>; rel=preload; as=fetch; crossorigin; nopush"],"/article/6":["Link: </webpack-runtime-e87c0a42c2490a8ec1ec.js>; rel=preload; as=script; nopush","Link: </framework-379f3cf5e844224cdc7c.js>; rel=preload; as=script; nopush","Link: </app-6d1209093da4a5106021.js>; rel=preload; as=script; nopush","Link: </framework-379f3cf5e844224cdc7c.js>; rel=preload; as=script; nopush","Link: </commons-765dfae4c3a24c7878a8.js>; rel=preload; as=script; nopush","Link: </ce26452cc9cb8914a442dfa5b72fb7f7292162b9-18f53435810b22ba22bb.js>; rel=preload; as=script; nopush","Link: </ef4798c7b00c36bda0dd876a2c7b0e4ce58cab43-d42c9ca37883414bb25d.js>; rel=preload; as=script; nopush","Link: </component---src-templates-article-js-c370fb70f589007bd42e.js>; rel=preload; as=script; nopush","Link: </page-data/app-data.json>; rel=preload; as=fetch; crossorigin; nopush","Link: </page-data/article/6/page-data.json>; rel=preload; as=fetch; crossorigin; nopush"],"/article/7":["Link: </webpack-runtime-e87c0a42c2490a8ec1ec.js>; rel=preload; as=script; nopush","Link: </framework-379f3cf5e844224cdc7c.js>; rel=preload; as=script; nopush","Link: </app-6d1209093da4a5106021.js>; rel=preload; as=script; nopush","Link: </framework-379f3cf5e844224cdc7c.js>; rel=preload; as=script; nopush","Link: </commons-765dfae4c3a24c7878a8.js>; rel=preload; as=script; nopush","Link: </ce26452cc9cb8914a442dfa5b72fb7f7292162b9-18f53435810b22ba22bb.js>; rel=preload; as=script; nopush","Link: </ef4798c7b00c36bda0dd876a2c7b0e4ce58cab43-d42c9ca37883414bb25d.js>; rel=preload; as=script; nopush","Link: </component---src-templates-article-js-c370fb70f589007bd42e.js>; rel=preload; as=script; nopush","Link: </page-data/app-data.json>; rel=preload; as=fetch; crossorigin; nopush","Link: </page-data/article/7/page-data.json>; rel=preload; as=fetch; crossorigin; nopush"],"/404/":["Link: </webpack-runtime-e87c0a42c2490a8ec1ec.js>; rel=preload; as=script; nopush","Link: </framework-379f3cf5e844224cdc7c.js>; rel=preload; as=script; nopush","Link: </app-6d1209093da4a5106021.js>; rel=preload; as=script; nopush","Link: </framework-379f3cf5e844224cdc7c.js>; rel=preload; as=script; nopush","Link: </commons-765dfae4c3a24c7878a8.js>; rel=preload; as=script; nopush","Link: </component---src-pages-404-js-b3978f8274335899a97c.js>; rel=preload; as=script; nopush","Link: </page-data/app-data.json>; rel=preload; as=fetch; crossorigin; nopush","Link: </page-data/404/page-data.json>; rel=preload; as=fetch; crossorigin; nopush"],"/about/":["Link: </webpack-runtime-e87c0a42c2490a8ec1ec.js>; rel=preload; as=script; nopush","Link: </framework-379f3cf5e844224cdc7c.js>; rel=preload; as=script; nopush","Link: </app-6d1209093da4a5106021.js>; rel=preload; as=script; nopush","Link: </framework-379f3cf5e844224cdc7c.js>; rel=preload; as=script; nopush","Link: </commons-765dfae4c3a24c7878a8.js>; rel=preload; as=script; nopush","Link: </ce26452cc9cb8914a442dfa5b72fb7f7292162b9-18f53435810b22ba22bb.js>; rel=preload; as=script; nopush","Link: </acc1597ecda144f77cdc1f840f29d8c88fc4f643-b5b70923628298fd6250.js>; rel=preload; as=script; nopush","Link: </component---src-pages-about-js-959c16931bce0fab7754.js>; rel=preload; as=script; nopush","Link: </page-data/app-data.json>; rel=preload; as=fetch; crossorigin; nopush","Link: </page-data/about/page-data.json>; rel=preload; as=fetch; crossorigin; nopush"],"/blog/":["Link: </webpack-runtime-e87c0a42c2490a8ec1ec.js>; rel=preload; as=script; nopush","Link: </framework-379f3cf5e844224cdc7c.js>; rel=preload; as=script; nopush","Link: </app-6d1209093da4a5106021.js>; rel=preload; as=script; nopush","Link: </framework-379f3cf5e844224cdc7c.js>; rel=preload; as=script; nopush","Link: </commons-765dfae4c3a24c7878a8.js>; rel=preload; as=script; nopush","Link: </ce26452cc9cb8914a442dfa5b72fb7f7292162b9-18f53435810b22ba22bb.js>; rel=preload; as=script; nopush","Link: </component---src-pages-blog-js-011801213b42991595b2.js>; rel=preload; as=script; nopush","Link: </page-data/app-data.json>; rel=preload; as=fetch; crossorigin; nopush","Link: </page-data/blog/page-data.json>; rel=preload; as=fetch; crossorigin; nopush"],"/community/":["Link: </webpack-runtime-e87c0a42c2490a8ec1ec.js>; rel=preload; as=script; nopush","Link: </framework-379f3cf5e844224cdc7c.js>; rel=preload; as=script; nopush","Link: </app-6d1209093da4a5106021.js>; rel=preload; as=script; nopush","Link: </framework-379f3cf5e844224cdc7c.js>; rel=preload; as=script; nopush","Link: </commons-765dfae4c3a24c7878a8.js>; rel=preload; as=script; nopush","Link: </ce26452cc9cb8914a442dfa5b72fb7f7292162b9-18f53435810b22ba22bb.js>; rel=preload; as=script; nopush","Link: </acc1597ecda144f77cdc1f840f29d8c88fc4f643-b5b70923628298fd6250.js>; rel=preload; as=script; nopush","Link: </ef4798c7b00c36bda0dd876a2c7b0e4ce58cab43-d42c9ca37883414bb25d.js>; rel=preload; as=script; nopush","Link: </8ef8c53cab204b7ad1af0ba2b5c0630be85de5bc-8fd7241a29de65e8f0ca.js>; rel=preload; as=script; nopush","Link: </component---src-pages-community-js-63b6025dfc585a657bcc.js>; rel=preload; as=script; nopush","Link: </page-data/app-data.json>; rel=preload; as=fetch; crossorigin; nopush","Link: </page-data/community/page-data.json>; rel=preload; as=fetch; crossorigin; nopush"],"/":["Link: </webpack-runtime-e87c0a42c2490a8ec1ec.js>; rel=preload; as=script; nopush","Link: </framework-379f3cf5e844224cdc7c.js>; rel=preload; as=script; nopush","Link: </app-6d1209093da4a5106021.js>; rel=preload; as=script; nopush","Link: </framework-379f3cf5e844224cdc7c.js>; rel=preload; as=script; nopush","Link: </ea88be26-84d7d823501f15db054a.js>; rel=preload; as=script; nopush","Link: </commons-765dfae4c3a24c7878a8.js>; rel=preload; as=script; nopush","Link: </ce26452cc9cb8914a442dfa5b72fb7f7292162b9-18f53435810b22ba22bb.js>; rel=preload; as=script; nopush","Link: </acc1597ecda144f77cdc1f840f29d8c88fc4f643-b5b70923628298fd6250.js>; rel=preload; as=script; nopush","Link: </ef4798c7b00c36bda0dd876a2c7b0e4ce58cab43-d42c9ca37883414bb25d.js>; rel=preload; as=script; nopush","Link: </8ef8c53cab204b7ad1af0ba2b5c0630be85de5bc-8fd7241a29de65e8f0ca.js>; rel=preload; as=script; nopush","Link: </fa4a7f9ea3e93a27b4f874d900425b4406f560d5-392e90caa14237721e36.js>; rel=preload; as=script; nopush","Link: </component---src-pages-index-js-e9e0481b959f25d24f33.js>; rel=preload; as=script; nopush","Link: </page-data/app-data.json>; rel=preload; as=fetch; crossorigin; nopush","Link: </page-data/index/page-data.json>; rel=preload; as=fetch; crossorigin; nopush"],"/quick/":["Link: </webpack-runtime-e87c0a42c2490a8ec1ec.js>; rel=preload; as=script; nopush","Link: </framework-379f3cf5e844224cdc7c.js>; rel=preload; as=script; nopush","Link: </app-6d1209093da4a5106021.js>; rel=preload; as=script; nopush","Link: </framework-379f3cf5e844224cdc7c.js>; rel=preload; as=script; nopush","Link: </ea88be26-84d7d823501f15db054a.js>; rel=preload; as=script; nopush","Link: </commons-765dfae4c3a24c7878a8.js>; rel=preload; as=script; nopush","Link: </ce26452cc9cb8914a442dfa5b72fb7f7292162b9-18f53435810b22ba22bb.js>; rel=preload; as=script; nopush","Link: </acc1597ecda144f77cdc1f840f29d8c88fc4f643-b5b70923628298fd6250.js>; rel=preload; as=script; nopush","Link: </ef4798c7b00c36bda0dd876a2c7b0e4ce58cab43-d42c9ca37883414bb25d.js>; rel=preload; as=script; nopush","Link: </8ef8c53cab204b7ad1af0ba2b5c0630be85de5bc-8fd7241a29de65e8f0ca.js>; rel=preload; as=script; nopush","Link: </component---src-pages-quick-js-7b37a080bc4837f479c1.js>; rel=preload; as=script; nopush","Link: </page-data/app-data.json>; rel=preload; as=fetch; crossorigin; nopush","Link: </page-data/quick/page-data.json>; rel=preload; as=fetch; crossorigin; nopush"],"/tech/":["Link: </webpack-runtime-e87c0a42c2490a8ec1ec.js>; rel=preload; as=script; nopush","Link: </framework-379f3cf5e844224cdc7c.js>; rel=preload; as=script; nopush","Link: </app-6d1209093da4a5106021.js>; rel=preload; as=script; nopush","Link: </framework-379f3cf5e844224cdc7c.js>; rel=preload; as=script; nopush","Link: </ea88be26-84d7d823501f15db054a.js>; rel=preload; as=script; nopush","Link: </commons-765dfae4c3a24c7878a8.js>; rel=preload; as=script; nopush","Link: </ce26452cc9cb8914a442dfa5b72fb7f7292162b9-18f53435810b22ba22bb.js>; rel=preload; as=script; nopush","Link: </acc1597ecda144f77cdc1f840f29d8c88fc4f643-b5b70923628298fd6250.js>; rel=preload; as=script; nopush","Link: </fa4a7f9ea3e93a27b4f874d900425b4406f560d5-392e90caa14237721e36.js>; rel=preload; as=script; nopush","Link: </component---src-pages-tech-js-5ce6216f4db229685890.js>; rel=preload; as=script; nopush","Link: </page-data/app-data.json>; rel=preload; as=fetch; crossorigin; nopush","Link: </page-data/tech/page-data.json>; rel=preload; as=fetch; crossorigin; nopush"],"/tool/":["Link: </webpack-runtime-e87c0a42c2490a8ec1ec.js>; rel=preload; as=script; nopush","Link: </framework-379f3cf5e844224cdc7c.js>; rel=preload; as=script; nopush","Link: </app-6d1209093da4a5106021.js>; rel=preload; as=script; nopush","Link: </framework-379f3cf5e844224cdc7c.js>; rel=preload; as=script; nopush","Link: </commons-765dfae4c3a24c7878a8.js>; rel=preload; as=script; nopush","Link: </ce26452cc9cb8914a442dfa5b72fb7f7292162b9-18f53435810b22ba22bb.js>; rel=preload; as=script; nopush","Link: </acc1597ecda144f77cdc1f840f29d8c88fc4f643-b5b70923628298fd6250.js>; rel=preload; as=script; nopush","Link: </ef4798c7b00c36bda0dd876a2c7b0e4ce58cab43-d42c9ca37883414bb25d.js>; rel=preload; as=script; nopush","Link: </component---src-pages-tool-js-750a49f23783e3d9f67d.js>; rel=preload; as=script; nopush","Link: </page-data/app-data.json>; rel=preload; as=fetch; crossorigin; nopush","Link: </page-data/tool/page-data.json>; rel=preload; as=fetch; crossorigin; nopush"],"/using-typescript/":["Link: </webpack-runtime-e87c0a42c2490a8ec1ec.js>; rel=preload; as=script; nopush","Link: </framework-379f3cf5e844224cdc7c.js>; rel=preload; as=script; nopush","Link: </app-6d1209093da4a5106021.js>; rel=preload; as=script; nopush","Link: </framework-379f3cf5e844224cdc7c.js>; rel=preload; as=script; nopush","Link: </commons-765dfae4c3a24c7878a8.js>; rel=preload; as=script; nopush","Link: </component---src-pages-using-typescript-tsx-fb535e5d5c2fc597dca8.js>; rel=preload; as=script; nopush","Link: </page-data/app-data.json>; rel=preload; as=fetch; crossorigin; nopush","Link: </page-data/using-typescript/page-data.json>; rel=preload; as=fetch; crossorigin; nopush"],"/404.html":["Link: </webpack-runtime-e87c0a42c2490a8ec1ec.js>; rel=preload; as=script; nopush","Link: </framework-379f3cf5e844224cdc7c.js>; rel=preload; as=script; nopush","Link: </app-6d1209093da4a5106021.js>; rel=preload; as=script; nopush","Link: </framework-379f3cf5e844224cdc7c.js>; rel=preload; as=script; nopush","Link: </commons-765dfae4c3a24c7878a8.js>; rel=preload; as=script; nopush","Link: </component---src-pages-404-js-b3978f8274335899a97c.js>; rel=preload; as=script; nopush","Link: </page-data/app-data.json>; rel=preload; as=fetch; crossorigin; nopush","Link: </page-data/404.html/page-data.json>; rel=preload; as=fetch; crossorigin; nopush"]}