{"polyfill":["/polyfill-b6ed67c7e16a3cb88a12.js"],"app":["/app-6d1209093da4a5106021.js"],"component---src-pages-404-js":["/component---src-pages-404-js-b3978f8274335899a97c.js"],"component---src-pages-about-js":["/component---src-pages-about-js-959c16931bce0fab7754.js"],"component---src-pages-blog-js":["/component---src-pages-blog-js-011801213b42991595b2.js"],"component---src-pages-community-js":["/component---src-pages-community-js-63b6025dfc585a657bcc.js"],"component---src-pages-index-js":["/component---src-pages-index-js-e9e0481b959f25d24f33.js"],"component---src-pages-quick-js":["/component---src-pages-quick-js-7b37a080bc4837f479c1.js"],"component---src-pages-tech-js":["/component---src-pages-tech-js-5ce6216f4db229685890.js"],"component---src-pages-tool-js":["/component---src-pages-tool-js-750a49f23783e3d9f67d.js"],"component---src-pages-using-typescript-tsx":["/component---src-pages-using-typescript-tsx-fb535e5d5c2fc597dca8.js"],"component---src-templates-article-js":["/component---src-templates-article-js-c370fb70f589007bd42e.js"]}