{"namedChunkGroups":{"polyfill":{"name":"polyfill","assets":[{"name":"webpack-runtime-e87c0a42c2490a8ec1ec.js","size":6009},{"name":"polyfill-b6ed67c7e16a3cb88a12.js","size":82212}],"filteredAssets":0,"assetsSize":88221,"filteredAuxiliaryAssets":2,"auxiliaryAssetsSize":222140},"app":{"name":"app","assets":[{"name":"webpack-runtime-e87c0a42c2490a8ec1ec.js","size":6009},{"name":"framework-379f3cf5e844224cdc7c.js","size":130669},{"name":"styles.1c78a0e26085690b8341.css","size":23362},{"name":"app-6d1209093da4a5106021.js","size":98757}],"filteredAssets":0,"assetsSize":258797,"filteredAuxiliaryAssets":3,"auxiliaryAssetsSize":810634},"component---src-pages-404-js":{"name":"component---src-pages-404-js","assets":[{"name":"framework-379f3cf5e844224cdc7c.js","size":130669},{"name":"styles.1c78a0e26085690b8341.css","size":23362},{"name":"commons-765dfae4c3a24c7878a8.js","size":112097},{"name":"component---src-pages-404-js-b3978f8274335899a97c.js","size":464}],"filteredAssets":0,"assetsSize":266592,"filteredAuxiliaryAssets":4,"auxiliaryAssetsSize":805433},"component---src-pages-about-js":{"name":"component---src-pages-about-js","assets":[{"name":"framework-379f3cf5e844224cdc7c.js","size":130669},{"name":"styles.1c78a0e26085690b8341.css","size":23362},{"name":"commons-765dfae4c3a24c7878a8.js","size":112097},{"name":"ce26452cc9cb8914a442dfa5b72fb7f7292162b9-18f53435810b22ba22bb.js","size":325625},{"name":"acc1597ecda144f77cdc1f840f29d8c88fc4f643-b5b70923628298fd6250.js","size":31228},{"name":"component---src-pages-about-js-959c16931bce0fab7754.js","size":21358}],"filteredAssets":0,"assetsSize":644339,"filteredAuxiliaryAssets":8,"auxiliaryAssetsSize":1917559},"component---src-pages-blog-js":{"name":"component---src-pages-blog-js","assets":[{"name":"framework-379f3cf5e844224cdc7c.js","size":130669},{"name":"styles.1c78a0e26085690b8341.css","size":23362},{"name":"commons-765dfae4c3a24c7878a8.js","size":112097},{"name":"ce26452cc9cb8914a442dfa5b72fb7f7292162b9-18f53435810b22ba22bb.js","size":325625},{"name":"component---src-pages-blog-js-011801213b42991595b2.js","size":9716}],"filteredAssets":0,"assetsSize":601469,"filteredAuxiliaryAssets":5,"auxiliaryAssetsSize":1750683},"component---src-pages-community-js":{"name":"component---src-pages-community-js","assets":[{"name":"framework-379f3cf5e844224cdc7c.js","size":130669},{"name":"styles.1c78a0e26085690b8341.css","size":23362},{"name":"commons-765dfae4c3a24c7878a8.js","size":112097},{"name":"ce26452cc9cb8914a442dfa5b72fb7f7292162b9-18f53435810b22ba22bb.js","size":325625},{"name":"acc1597ecda144f77cdc1f840f29d8c88fc4f643-b5b70923628298fd6250.js","size":31228},{"name":"ef4798c7b00c36bda0dd876a2c7b0e4ce58cab43-d42c9ca37883414bb25d.js","size":20720},{"name":"8ef8c53cab204b7ad1af0ba2b5c0630be85de5bc-8fd7241a29de65e8f0ca.js","size":7035},{"name":"component---src-pages-community-js-63b6025dfc585a657bcc.js","size":106504}],"filteredAssets":0,"assetsSize":757240,"filteredAuxiliaryAssets":10,"auxiliaryAssetsSize":2377745},"component---src-pages-index-js":{"name":"component---src-pages-index-js","assets":[{"name":"framework-379f3cf5e844224cdc7c.js","size":130669},{"name":"styles.1c78a0e26085690b8341.css","size":23362},{"name":"ea88be26-84d7d823501f15db054a.js","size":265896},{"name":"commons-765dfae4c3a24c7878a8.js","size":112097},{"name":"ce26452cc9cb8914a442dfa5b72fb7f7292162b9-18f53435810b22ba22bb.js","size":325625},{"name":"acc1597ecda144f77cdc1f840f29d8c88fc4f643-b5b70923628298fd6250.js","size":31228},{"name":"ef4798c7b00c36bda0dd876a2c7b0e4ce58cab43-d42c9ca37883414bb25d.js","size":20720},{"name":"8ef8c53cab204b7ad1af0ba2b5c0630be85de5bc-8fd7241a29de65e8f0ca.js","size":7035},{"name":"fa4a7f9ea3e93a27b4f874d900425b4406f560d5-392e90caa14237721e36.js","size":87930},{"name":"component---src-pages-index-js-e9e0481b959f25d24f33.js","size":50720}],"filteredAssets":0,"assetsSize":1055282,"filteredAuxiliaryAssets":12,"auxiliaryAssetsSize":3406050},"component---src-pages-quick-js":{"name":"component---src-pages-quick-js","assets":[{"name":"framework-379f3cf5e844224cdc7c.js","size":130669},{"name":"styles.1c78a0e26085690b8341.css","size":23362},{"name":"ea88be26-84d7d823501f15db054a.js","size":265896},{"name":"commons-765dfae4c3a24c7878a8.js","size":112097},{"name":"ce26452cc9cb8914a442dfa5b72fb7f7292162b9-18f53435810b22ba22bb.js","size":325625},{"name":"acc1597ecda144f77cdc1f840f29d8c88fc4f643-b5b70923628298fd6250.js","size":31228},{"name":"ef4798c7b00c36bda0dd876a2c7b0e4ce58cab43-d42c9ca37883414bb25d.js","size":20720},{"name":"8ef8c53cab204b7ad1af0ba2b5c0630be85de5bc-8fd7241a29de65e8f0ca.js","size":7035},{"name":"component---src-pages-quick-js-7b37a080bc4837f479c1.js","size":11514}],"filteredAssets":0,"assetsSize":928146,"filteredAuxiliaryAssets":10,"auxiliaryAssetsSize":2950727},"component---src-pages-tech-js":{"name":"component---src-pages-tech-js","assets":[{"name":"framework-379f3cf5e844224cdc7c.js","size":130669},{"name":"styles.1c78a0e26085690b8341.css","size":23362},{"name":"ea88be26-84d7d823501f15db054a.js","size":265896},{"name":"commons-765dfae4c3a24c7878a8.js","size":112097},{"name":"ce26452cc9cb8914a442dfa5b72fb7f7292162b9-18f53435810b22ba22bb.js","size":325625},{"name":"acc1597ecda144f77cdc1f840f29d8c88fc4f643-b5b70923628298fd6250.js","size":31228},{"name":"fa4a7f9ea3e93a27b4f874d900425b4406f560d5-392e90caa14237721e36.js","size":87930},{"name":"component---src-pages-tech-js-5ce6216f4db229685890.js","size":705592}],"filteredAssets":0,"assetsSize":1682399,"filteredAuxiliaryAssets":8,"auxiliaryAssetsSize":3201616},"component---src-pages-tool-js":{"name":"component---src-pages-tool-js","assets":[{"name":"framework-379f3cf5e844224cdc7c.js","size":130669},{"name":"styles.1c78a0e26085690b8341.css","size":23362},{"name":"commons-765dfae4c3a24c7878a8.js","size":112097},{"name":"ce26452cc9cb8914a442dfa5b72fb7f7292162b9-18f53435810b22ba22bb.js","size":325625},{"name":"acc1597ecda144f77cdc1f840f29d8c88fc4f643-b5b70923628298fd6250.js","size":31228},{"name":"ef4798c7b00c36bda0dd876a2c7b0e4ce58cab43-d42c9ca37883414bb25d.js","size":20720},{"name":"component---src-pages-tool-js-750a49f23783e3d9f67d.js","size":51901}],"filteredAssets":0,"assetsSize":695602,"filteredAuxiliaryAssets":9,"auxiliaryAssetsSize":2165490},"component---src-pages-using-typescript-tsx":{"name":"component---src-pages-using-typescript-tsx","assets":[{"name":"framework-379f3cf5e844224cdc7c.js","size":130669},{"name":"styles.1c78a0e26085690b8341.css","size":23362},{"name":"commons-765dfae4c3a24c7878a8.js","size":112097},{"name":"component---src-pages-using-typescript-tsx-fb535e5d5c2fc597dca8.js","size":1242}],"filteredAssets":0,"assetsSize":267370,"filteredAuxiliaryAssets":4,"auxiliaryAssetsSize":806851},"component---src-templates-article-js":{"name":"component---src-templates-article-js","assets":[{"name":"framework-379f3cf5e844224cdc7c.js","size":130669},{"name":"styles.1c78a0e26085690b8341.css","size":23362},{"name":"commons-765dfae4c3a24c7878a8.js","size":112097},{"name":"ce26452cc9cb8914a442dfa5b72fb7f7292162b9-18f53435810b22ba22bb.js","size":325625},{"name":"ef4798c7b00c36bda0dd876a2c7b0e4ce58cab43-d42c9ca37883414bb25d.js","size":20720},{"name":"component---src-templates-article-js-c370fb70f589007bd42e.js","size":114185}],"filteredAssets":0,"assetsSize":726658,"filteredAuxiliaryAssets":8,"auxiliaryAssetsSize":2386907}},"assetsByChunkName":{"polyfill":["webpack-runtime-e87c0a42c2490a8ec1ec.js","polyfill-b6ed67c7e16a3cb88a12.js"],"app":["webpack-runtime-e87c0a42c2490a8ec1ec.js","framework-379f3cf5e844224cdc7c.js","styles.1c78a0e26085690b8341.css","app-6d1209093da4a5106021.js"],"component---src-pages-404-js":["framework-379f3cf5e844224cdc7c.js","styles.1c78a0e26085690b8341.css","commons-765dfae4c3a24c7878a8.js","component---src-pages-404-js-b3978f8274335899a97c.js"],"component---src-pages-about-js":["framework-379f3cf5e844224cdc7c.js","styles.1c78a0e26085690b8341.css","commons-765dfae4c3a24c7878a8.js","ce26452cc9cb8914a442dfa5b72fb7f7292162b9-18f53435810b22ba22bb.js","acc1597ecda144f77cdc1f840f29d8c88fc4f643-b5b70923628298fd6250.js","component---src-pages-about-js-959c16931bce0fab7754.js"],"component---src-pages-blog-js":["framework-379f3cf5e844224cdc7c.js","styles.1c78a0e26085690b8341.css","commons-765dfae4c3a24c7878a8.js","ce26452cc9cb8914a442dfa5b72fb7f7292162b9-18f53435810b22ba22bb.js","component---src-pages-blog-js-011801213b42991595b2.js"],"component---src-pages-community-js":["framework-379f3cf5e844224cdc7c.js","styles.1c78a0e26085690b8341.css","commons-765dfae4c3a24c7878a8.js","ce26452cc9cb8914a442dfa5b72fb7f7292162b9-18f53435810b22ba22bb.js","acc1597ecda144f77cdc1f840f29d8c88fc4f643-b5b70923628298fd6250.js","ef4798c7b00c36bda0dd876a2c7b0e4ce58cab43-d42c9ca37883414bb25d.js","8ef8c53cab204b7ad1af0ba2b5c0630be85de5bc-8fd7241a29de65e8f0ca.js","component---src-pages-community-js-63b6025dfc585a657bcc.js"],"component---src-pages-index-js":["framework-379f3cf5e844224cdc7c.js","styles.1c78a0e26085690b8341.css","ea88be26-84d7d823501f15db054a.js","commons-765dfae4c3a24c7878a8.js","ce26452cc9cb8914a442dfa5b72fb7f7292162b9-18f53435810b22ba22bb.js","acc1597ecda144f77cdc1f840f29d8c88fc4f643-b5b70923628298fd6250.js","ef4798c7b00c36bda0dd876a2c7b0e4ce58cab43-d42c9ca37883414bb25d.js","8ef8c53cab204b7ad1af0ba2b5c0630be85de5bc-8fd7241a29de65e8f0ca.js","fa4a7f9ea3e93a27b4f874d900425b4406f560d5-392e90caa14237721e36.js","component---src-pages-index-js-e9e0481b959f25d24f33.js"],"component---src-pages-quick-js":["framework-379f3cf5e844224cdc7c.js","styles.1c78a0e26085690b8341.css","ea88be26-84d7d823501f15db054a.js","commons-765dfae4c3a24c7878a8.js","ce26452cc9cb8914a442dfa5b72fb7f7292162b9-18f53435810b22ba22bb.js","acc1597ecda144f77cdc1f840f29d8c88fc4f643-b5b70923628298fd6250.js","ef4798c7b00c36bda0dd876a2c7b0e4ce58cab43-d42c9ca37883414bb25d.js","8ef8c53cab204b7ad1af0ba2b5c0630be85de5bc-8fd7241a29de65e8f0ca.js","component---src-pages-quick-js-7b37a080bc4837f479c1.js"],"component---src-pages-tech-js":["framework-379f3cf5e844224cdc7c.js","styles.1c78a0e26085690b8341.css","ea88be26-84d7d823501f15db054a.js","commons-765dfae4c3a24c7878a8.js","ce26452cc9cb8914a442dfa5b72fb7f7292162b9-18f53435810b22ba22bb.js","acc1597ecda144f77cdc1f840f29d8c88fc4f643-b5b70923628298fd6250.js","fa4a7f9ea3e93a27b4f874d900425b4406f560d5-392e90caa14237721e36.js","component---src-pages-tech-js-5ce6216f4db229685890.js"],"component---src-pages-tool-js":["framework-379f3cf5e844224cdc7c.js","styles.1c78a0e26085690b8341.css","commons-765dfae4c3a24c7878a8.js","ce26452cc9cb8914a442dfa5b72fb7f7292162b9-18f53435810b22ba22bb.js","acc1597ecda144f77cdc1f840f29d8c88fc4f643-b5b70923628298fd6250.js","ef4798c7b00c36bda0dd876a2c7b0e4ce58cab43-d42c9ca37883414bb25d.js","component---src-pages-tool-js-750a49f23783e3d9f67d.js"],"component---src-pages-using-typescript-tsx":["framework-379f3cf5e844224cdc7c.js","styles.1c78a0e26085690b8341.css","commons-765dfae4c3a24c7878a8.js","component---src-pages-using-typescript-tsx-fb535e5d5c2fc597dca8.js"],"component---src-templates-article-js":["framework-379f3cf5e844224cdc7c.js","styles.1c78a0e26085690b8341.css","commons-765dfae4c3a24c7878a8.js","ce26452cc9cb8914a442dfa5b72fb7f7292162b9-18f53435810b22ba22bb.js","ef4798c7b00c36bda0dd876a2c7b0e4ce58cab43-d42c9ca37883414bb25d.js","component---src-templates-article-js-c370fb70f589007bd42e.js"]},"childAssetsByChunkName":{}}